text,Equal Pay Movement,Women's sports visibility,Media visibility / promotion,Gender Equality in Sports,Gender: Inclusion,Prejudice/Stereotyping,Same sporting conditions for all,Machismo,Training methods / equipment,Encourage mixed events,Challenge societal perceptions,Transgender theme,TV coverage,Football initiatives,Other,Country,Gender
"Deal with the nonsense and the amount of trouble it is causing, by clearly stating that only biological women can play in womens sports.",,,,,,,,,,,,1,,,,UK,Man
more chances,,,,,,,,,,,,,,,1,Spain,Man
Equalization of earnings.,1,,,,,,,,,,,,,,,Poland,Man
Stand up for women right,,,,,,,,,,,,,,,1,Sweden,Woman
As much in prize money for women as for men,1,,,,,,,,,,,,,,,Sweden,Woman
Mandatory standards,,,,,,,,,,,,,,,1,Spain,Woman
Mixed teams,,,,,,,,,,1,,,,,,Spain,Woman
The are doing a good job already,,,,,,,,,,,,,,,1,UK,Woman
Training together,,,,,,,,,1,,,,,,,UK,Woman
visibility of athletes,,1,,,,,,,,,,,,,,Spain,Woman
Greater promotion of women's sports,,1,,,,,,,,,,,,,,Poland,Man
Prejudices towards women's abilities,,,,,,1,,,,,,,,,,Spain,Woman
equal pay,1,,,,,,,,,,,,,,,Spain,Woman
that they charge the same,,,,,,,,,,,,,,,1,Spain,Woman
more professionalization,,,,,,,,,,,,,,,1,Spain,Man
Allow every gender to make decisions,,,,1,,,,,,,,,,,,UK,Woman
Parity,,,,,,,,,,,,,,,1,France,Woman
That people give more visibility to women's teams,,1,,,,,,,,,,,,,,Spain,Woman
Equal pay and equal position for a man,1,,,,,,,,,,,,,,,France,Woman
Equal pay,1,,,,,,,,,,,,,,,France,Man
Media visibility,,,1,,,,,,,,,,,,,Spain,Woman
Salary,1,,,,,,,,,,,,,,,Spain,Woman
tv broadcast,,,1,,,,,,,,,,1,,,Spain,Woman
Equate salaries,1,,,,,,,,,,,,,,,Spain,Man
salary and TV rights,,,1,,,,,,,,,,1,,,France,Man
Let it be broadcast more,,,,,,,,,,,,,,,1,Spain,Woman
"That in tennis matches, for example, there is one more game for men.",,,,,,,,,,,,,,,1,Spain,Woman
Make it more eye-catching,,,,,,,,,,,,,,,1,Spain,Woman
More visibility,,,1,,,,,,,,,,,,,France,Woman
Show on tv,,,1,,,,,,,,,,1,,,Germany,Woman
Same salary,1,,,,,,,,,,,,,,,Sweden,Woman
Make more teams of different sports for women,,1,,,,,,,,,,,,,,Spain,Woman
training from youth,,,,,,,,,1,,,,,,,Spain,Man
show more women's sport on television,,1,,,,,,,,,,,,,,France,Woman
In the end I think that until they manage to be as visible as the men's parties they will not achieve the same salary level,1,,,,,,,,,,,,,,,Spain,Woman
put more TV,,,1,,,,,,,,,,1,,,France,Woman
Improve the quality and visibility of competitions.,,1,,,,,,,,,,,,,,Spain,Man
Women's teams,,1,,,,,,,,,,,,,,France,Woman
Salary,1,,,,,,,,,,,,,,,Spain,Woman
Women's salary. More similar to that of men,1,,,,,,,,,,,,,,,Spain,Man
New laws are an issue that completely falls within the government or administration's jurisdiction.,,,,,,,,,,,,,,,1,Spain,Man
Be,,,,,,,,,,,,,,,1,Spain,Man
That there is greater dissemination of sport and equal opportunities,,,,1,,,,,,,,,,,,Spain,Woman
"That in sports competitions I can use mixed teams, e.g. football",,1,,,,,,,,,,,,1,,Poland,Woman
Allocate the same money,1,,,,,,,,,,,,,,,Spain,Woman
Media pressure,,,1,,,,,,,,,,,,,Spain,Woman
More media transmission,,,1,,,,,,,,,,,,,France,Man
Let all the stereotypes stop,,,,,,1,,,,,,,,,,France,Woman
It would be not to talk so much about the difference between genders,,,,1,,,,,,,,,,,,Spain,Woman
Distribute money and resources in a more equitable way than today,1,,,,,,,,,,,,,,,Sweden,Man
Hard to say,,,,,,,,,,,,,,,1,Poland,Man
Nothin,,,,,,,,,,,,,,,1,UK,Man
The salaries,1,,,,,,,,,,,,,,,Spain,Woman
Talk more about female athletes,,1,,,,,,,,,,,,,,France,Man
Nothing,,,,,,,,,,,,,,,1,Spain,Man
Equal pay,1,,,,,,,,,,,,,,,Germany,Woman
I would propose mixed sports training from childhood.,,1,,,,,,,,,,,,,,Spain,Man
Pay equality,,,,1,,,,,,,,,,,,Spain,Woman
"Nothing has changed, I am already very satisfied",,,,,,,,,,,,,,,1,France,Man
"More equal pay, more girl referees",1,,,,,,,,,,,,,,,Spain,Man
More sports news,,1,,,,,,,,,,,,,,Spain,Man
Equal pay,1,,,,,,,,,,,,,,,Sweden,Woman
Salary,1,,,,,,,,,,,,,,,Spain,Woman
The prize money and broadcasting it on TV and promoting it the same,1,,1,,,,,,,,,,1,,,Spain,Woman
An improvement in your performance in this sport,,1,,,,,,,,,,,,,,Spain,Man
I don't know,,,,,,,,,,,,,,,1,France,Woman
That they be paid a monetary amount equal to that of men,1,,,,,,,,,,,,,,,Spain,Woman
Mixed sports,,1,,,,,,,,,,,,,,Spain,Man
More awareness,,,1,,,,,,,,,,,,,UK,Woman
The impact of sport,,1,,,,,,,,,,,,,,Spain,Woman
Freedom of expression,,,,,,,,,,,,,,,1,Spain,Woman
The opportunity to be seen in all sports.,,1,,,,,,,,,,,,,,Sweden,Man
Let women lead,,,,,1,,,,,,,,,,,Spain,Woman
cycling,,,,,,,,,,,,,,,1,Poland,Man
Limit the weight of sponsors in professional sport,,1,,,,,,,,,,,,,,France,Man
More advertising women,,,1,,,,,,,,,,,,,UK,Woman
MORE EQUALITY,,,,1,,,,,,,,,,,,Spain,Man
More women in leading positions,,,,,1,,,,,,,,,,,Sweden,Man
Equal pay,1,,,,,,,,,,,,,,,Germany,Man
that both the media and brands would sponsor women and men equally,,,1,,,,,,,,,,,,,Spain,Woman
"That there are also awards and cups for women, and that it has a global impact",,,,,,,,,,,,,,,1,Spain,Woman
Reporting and sponsorship/payment of female professional athletes equal to that of men,,,,,,,,,,,,,,,1,Germany,Woman
Stopping treating women better than men and making them victims is unfair,,,,1,,,,,,,,,,,,Poland,Man
More advertising and opportunities to get started in the sport,,1,,,,,,,,,,,,,,Spain,Man
"Promote it more, sometimes the problem is lack of knowledge",,,1,,,,,,,,,,,,,Spain,Woman
Equal salaries to those of men,1,,,,,,,,,,,,,,,Spain,Man
Easy,,,,,,,,,,,,,,,1,Sweden,Man
wages,1,,,,,,,,,,,,,,,Spain,Man
That there be more media coverage of professional sports for women,,1,1,,,,,,,,,,,,,France,Woman
The visibility,,,1,,,,,,,,,,,,,France,Man
See them in all sports. See them on TV!,,1,1,,,,,,,,,,1,,,France,Woman
Mixed teams,,,,,,,,,,1,,,,,,Spain,Man
Increase the media coverage of women’s teams,,1,1,,,,,,,,,,,,,France,Man
aleos oeki that,,,,,,,,,,,,,,,1,Spain,Man
The visibility of the number of women and men who practice a sport in which the salary gap is very large,1,,,,,,,,,,,,,,,Spain,Woman
Provide greater visibility through advertising,,,1,,,,,,,,,,,,,Spain,Man
More advertising,,,1,,,,,,,,,,,,,France,Woman
Salaries and promotional time,1,,,,,,,,,,,,,,,Spain,Man
More informal,,,,,,,,,,,,,,,1,Spain,Woman
That it should be directed by men and women alike.,,,,,,,,,,,,,,,1,Spain,Woman
How Spain stops being such an extremely sexist country.,,,,,,1,,,,,,,,,,Spain,Woman
Same conditions,,,,,,,1,,,,,,,,,Sweden,Man
Sexist comments,,,,,,1,,,,,,,,,,Spain,Woman
The first thing I would do would be to televise the women's games on major networks as is done with the men's teams.,,1,,,,,,,,,,,,,,Spain,Woman
Greater involvement of women in professional sports,,1,,,,,,,,,,,,,,Poland,Woman
May you have the same opportunities in terms of objectives as men.,,,,,,,,,,,,,,,1,Spain,Man
Earnings and reporting,,,,,,,,,,,,,,,1,Germany,Woman
equal pay,1,,,,,,,,,,,,,,,Poland,Man
Outfit,,,,,,,,,,,,,,,1,Poland,Man
Mediate both genders,,,1,1,,,,,,,,,,,,France,Woman
Media coverage,,,1,,,,,,,,,,,,,Spain,Woman
Egalitarian television broadcasting between men and women,,,,,,,,,,,,,,,1,France,Woman
Sport between men and women,,1,,,,,,,,,,,,,,Poland,Man
That athletes be given more viewing on TV,,1,1,,,,,,,,,,1,,,Spain,Woman
Improve salaries,1,,,,,,,,,,,,,,,Spain,Man
Make more competitions reserved for women.,,1,,,,,,,,,,,,,,France,Man
Same prize money as men,1,,,,,,,,,,,,,,,UK,Woman
"The first thing is to increase the salaries of the players, but for this to happen, rules must be changed and more support from brands and media",,1,1,,,,,,,,,,,,,Spain,Man
Managers become more aware,,,,,,,,,,,,,,,1,Spain,Woman
Ending stereotypes.,,,,,,1,,,,,,,,,,Poland,Woman
Gitez mayonnaise,,,,,,,,,,,,,,,1,Poland,Woman
He increased the earnings of women in sports,,1,,,,,,,,,,,,,,Poland,Man
Visibility of sports,,1,,,,,,,,,,,,,,France,Man
Change sports policy and acceptance,,1,,,,,,,,,,,,,,Sweden,Woman
more sports schools for women,,1,,,,,,,,,,,,,,Poland,Man
The managers,,,,,,,,,,,,,,,1,Spain,Man
The leaders,,,,,1,,,,,,,,,,,France,Woman
To carry out mixed training,,,,,,,,,,1,,,,,,France,Woman
"Same salary, same working conditions",1,,,,,,1,,,,,,,,,France,Woman
Making women's sport more visible on screens,,1,,,,,,,,,,,,,,France,Woman
people's opinions on women's sport,,1,,,,,,,,,,,,,,France,Woman
The business that is sport,,1,,,,,,,,,,,,,,Spain,Man
There would be different genders in every sport,,,,1,,,,,,,,,,,,Poland,Woman
Same budget for women's teams,,,,,,,,,,,,,,,1,Poland,Woman
Adequate remuneration,1,,,,,,,,,,,,,,,Poland,Man
It would give more visibility to women's matches,,1,,,,,,,,,,,,,,Spain,Man
"First of all, men's mentality that women are weaker and worse",,,,,,,,,,,,,,,1,Poland,Woman
Equal pay,1,,,,,,,,,,,,,,,UK,Woman
Publicizing information about the women's championship,,1,,,,,,,,,,,,,,Poland,Woman
Equality,,,,1,,,,,,,,,,,,Poland,Woman
Do not broadcast women's soccer matches on television,,1,,,,,,,,,,,,1,,Spain,Man
So that there are not too many claims,,,,,,,,,,,,,,,1,Poland,Man
Same treatment,,,,,,,,,,,,,,,1,Poland,Woman
"nothing, because I don't see a lack of inclusiveness in sport - everyone has equally easy/difficult access to all its aspects",,,,,1,,,,,,,,,,,Poland,Man
That women play all sports,,1,,,,,,,,,,,,,,France,Man
Not at all,,,,,,,,,,,,,,,1,Germany,Man
We must highlight sporting qualities without worrying about gender or notoriety.,,,,1,,,,,,,,,,,,France,Man
more women's broadcasts,,,,,,,,,,,,,,,1,Poland,Woman
Allow women to participate in more disciplines,,1,,,,,,,,,,,,,,Poland,Woman
No differences between men and women.,,,,,,,,,,,,,,,1,Poland,Woman
"Equality, i.e. women with women",,,,1,,,,,,,,,,,,Poland,Woman
Everyone can join,,,,,,,,,,,,,,,1,Sweden,Woman
"That you participate according to your biological sex, not according to which gender you feel",,,,1,,,,,,,,,,,,Sweden,Man
A better salary scale,1,,,,,,,,,,,,,,,Spain,Man
Showing more competitions (various sports) in which women participate on TV,,1,1,,,,,,,,,,1,,,Poland,Woman
"No, hey",,,,,,,,,,,,,,,1,Poland,Woman
Good,,,,,,,,,,,,,,,1,Germany,Woman
Football,,1,,,,,,,,,,,,1,,Poland,Woman
Thread,,,,,,,,,,,,,,,1,Poland,Man
Pay,,,,,,,,,,,,,,,1,UK,Woman
Compensation of financial rewards,1,,,,,,,,,,,,,,,Poland,Man
Salary,1,,,,,,,,,,,,,,,France,Woman
Better pay for female footballers,1,,,,,,,,,,,,,1,,Germany,Man
More blood tests,,,,,,,,,,,,,,,1,Germany,Man
Difficult question because it is society that must change,,,,,,,,,,,1,,,,,Sweden,Woman
"Obligation to give the same treatment to all athletes by major managers and federations. Same funding, same media coverage.",,,1,,,,,,,,,,,,,Spain,Man
That all teams have women in a high position,,,,,,,,,,,,,,,1,Spain,Man
Media coverage,,,1,,,,,,,,,,,,,UK,Woman
Equal opportunities from the start,,,,,,,,,,,,,,,1,Sweden,Woman
To help women's teams more at the media level,,1,1,,,,,,,,,,,,,France,Man
EQUALIZE PLAYING TIME AND WAGES,1,,,,,,,,,,,,,,,Spain,Man
Play all together,,,,,,,,,,,,,,,1,Spain,Woman
Treat everyone equally regardless of gender,,,,1,,,,,,,,,,,,Sweden,Woman
Earnings,,,,,,,,,,,,,,,1,Poland,Man
Does not work,,,,,,,,,,,,,,,1,Sweden,Man
Everyone equal pay,1,,,,,,,,,,,,,,,UK,Woman
Higher compensation for female athletes,1,,,,,,,,,,,,,,,Sweden,Woman
more money,1,,,,,,,,,,,,,,,Poland,Man
Nothing,,,,,,,,,,,,,,,1,Germany,Woman
Equal competitions and rewards,,,,,,,,,,,,,,,1,UK,Woman
equal pay,1,,,,,,,,,,,,,,,UK,Woman
equal pay and opportunities,1,,,,,,,,,,,,,,,Germany,Man
Give more attention to them,,,,,,,,,,,,,,,1,UK,Man
Better advancement,,,,,,,,,,,,,,,1,Germany,Woman
More sponsorship,,1,,,,,,,,,,,,,,UK,Man
Ban sportsman and sportswomen of the year awards.,,1,,,,,,,,,,,,,,UK,Man
Drawing up equal contracts with equal rights and obligations.,,,,1,,,,,,,,,,,,Germany,Woman
Nothing I consider that women in Sweden have the same opportunities as men to practice their sport,,,,,,,,,,,,,,,1,Sweden,Man
EQUAL PRESTIGE OF THE SAME SPORTS COMPETITIONS,,,,,,,,,,,,,,,1,Poland,Man
Equal pay,1,,,,,,,,,,,,,,,Germany,Woman
An equal amount of female and male players,,,,,,,,,,,,,,,1,UK,Man
Pay in women’s sport must be equalised,,,,,,,,,,,,,,,1,Germany,Woman
But,,,,,,,,,,,,,,,1,Sweden,Woman
Remove transgender men,,,,1,,,,,,,,1,,,,UK,Woman
I would make cash prizes the same,1,,,,,,,,,,,,,,,UK,Man
Wages,1,,,,,,,,,,,,,,,UK,Woman
pay,,,,,,,,,,,,,,,1,Germany,Man
more money,1,,,,,,,,,,,,,,,Germany,Man
"A salary that can live on, just like the man's.",1,,,,,,,,,,,,,,,Sweden,Woman
More women in leading positions,,,,,1,,,,,,,,,,,Sweden,Woman
Equal pay,1,,,,,,,,,,,,,,,Germany,Man
It would be to look at pay the women receive compared to the men and to encourage more young girls and women to do what they love,1,,,,,,,,,,,,,,,UK,Woman
Increase funding,,,,,,,,,,,,,,,1,Sweden,Woman
Encourage  more women to go into sports,,1,,,,,,,,,,,,,,UK,Woman
Better pay for females,1,,,,,,,,,,,,,,,UK,Woman
Equal pay for male and female athletes.,1,,,,,,,,,,,,,,,UK,Man
Able to continue her career after having children,,,,,,,,,,,,,,,1,Sweden,Woman
"Same conditions, e.g. salary and support",1,,,,,,1,,,,,,,,,Germany,Woman
Reporting,,,,,,,,,,,,,,,1,Germany,Man
Invest more money,1,,,,,,,,,,,,,,,UK,Man
That only women could play in Women sports/team. Trans women should not be allowed to compete again real women,,,,,,,,,,,,1,,,,UK,Woman
Not as a man or woman but as an athlete,,,,,,,,,,,,,,,1,Germany,Woman
Make all earings the same,,,,,,,,,,,,,,,1,UK,Man
More promotion about woman being welcome,,,,,1,,,,,,,,,,,UK,Woman
Giving women more opportunities in the industry,,,,,,,,,,,,,,,1,Germany,Woman
Give them more airtime,,,,,,,,,,,,,,,1,Sweden,Man
Stop trying to equate men with women. Each sex should have there rights,,,,,,1,,,,,,,,,,UK,Man
Nothing,,,,,,,,,,,,,,,1,UK,Man
I want male and females to be able to play 1 sport without being separated yeah,,,,,,,,,,,,,,,1,UK,Woman
More voices from the top,,,,,,,,,,,,,,,1,UK,Man
Better pay,1,,,,,,,,,,,,,,,UK,Man
Boys and girls must have the same opportunities to practice sports as children,,,,,,,,,,,,,,,1,Sweden,Man
"Get rid of boards with outdated mindsets and prejudices, just like in all areas. Only our thinking makes us small.",,,,,,,,,,,,,,,1,Germany,Woman
More representation of women’s sport to encourage engagement and growth,,1,,,,,,,,,,,,,,UK,Man
Women friendly kit,,,,,,,,,,,,,,,1,UK,Man
Equal rights,,,,1,,,,,,,,,,,,Germany,Woman
"What they get paid, pay them the same as men",1,,,,,,,,,,,,,,,UK,Woman
Pay them what they deserve,,,,,,,,,,,,,,,1,UK,Man
Same rate of pay,1,,,,,,,,,,,,,,,UK,Woman
Try & make women better at spurs,,,,,,,,,,,,,,,1,UK,Man
Salary,1,,,,,,,,,,,,,,,UK,Man
Equal media coverage followed by equal pay,1,,1,,,,,,,,,,,,,UK,Woman
Fitbal,,,,,,,,,,,,,,,1,UK,Man
Acceptance,,,,,1,,,,,,,,,,,UK,Man
None,,,,,,,,,,,,,,,1,UK,Woman
Increment in their payments,1,,,,,,,,,,,,,,,UK,Man
Say year women o o go to the women's matches instead of just arguing about it,,,,,,,,,,,,,,,1,Sweden,Man
It should be the ability of both Gender to perform in same match,,,,1,,,,,,,,,,,,UK,Man
I wouldn't change anything other than same sex competitions only.,,,,,,1,,,,,,,,,,UK,Man
No idea,,,,,,,,,,,,,,,1,Germany,Man
Get better at your sport,,1,,,,,,,,,,,,,,Sweden,Man
"By creating safe and welcoming environments where women and girls feel comfortable, valued, and involved can significantly enhance inclusivity",,,,,1,,,,,,,,,,,UK,Man
Stop quotas,,,,,,,,,,,,,,,1,Sweden,Man
Get rid of this fake divide and conquer attitude,,,,,,,,,,,,,,,1,UK,Man
Nothing,,,,,,,,,,,,,,,1,UK,Man
Equal compensation,1,,,,,,,,,,,,,,,Sweden,Man
"Scrap this ridiculous idea and simply let me play with men, women with women and not allow any other options.",,,,,,,,,,,,,,,1,UK,Woman
play together,,,,,,,,,,,,,,,1,Sweden,Man
Please no,,,,,,,,,,,,,,,1,UK,Man
"If I could change one thing, it would be to increase the media coverage of women's sports. This would not only raise the visibility of women's sports, but it would also help to change the way they are perceived. Currently, the media disproportionately covers men's sports, which perpetuates the idea that women's sports are less important or interesting. If we can change the narrative around women's sports, I believe it would have a ripple effect across the entire industry.",,1,1,,,,,,,,1,,,,,UK,Woman
Nothing really,,,,,,,,,,,,,,,1,UK,Man
Gender inequality,,,,1,,,,,,,,,,,,UK,Man
There is no chamge,,,,,,,,,,,,,,,1,UK,Man
I don't know,,,,,,,,,,,,,,,1,Germany,Man
Football soccer,,1,,,,,,,,,,,,1,,UK,Woman
salaries,,,,,,,,,,,,,,,1,UK,Man
I don't wanna change,,,,,,,,,,,,,,,1,UK,Man
Remove the old view of what you can and what you should do,,,,,,,,,,,,,,,1,Sweden,Man
Football,,1,,,,,,,,,,,,1,,UK,Man
"Women competing and administering in women's sports, participating and media, men only involved in men's sports",,,1,,,,,,,,,,,,,UK,Man
Nothing,,,,,,,,,,,,,,,1,UK,Man
No idea,,,,,,,,,,,,,,,1,Germany,Man
Equipment,,,,,,,,,1,,,,,,,UK,Man
Prevent all biological men from competing in women’s sorts,,,,,,,,,,,,,,,1,UK,Woman
Tailoring sports needs to be women friendly,,1,,,,,,,,,,,,,,UK,Woman
Pay them the same,,,,,,,,,,,,,,,1,UK,Woman
None,,,,,,,,,,,,,,,1,UK,Woman
I would make it more inclusive,,,,,1,,,,,,,,,,,UK,Man
Wearing most suitable and protective cloth,,,,,,,,,,,,,,,1,UK,Man
Prize equality,,,,1,,,,,,,,,,,,UK,Man
Football,,1,,,,,,,,,,,,1,,UK,Man
"If I could change just one thing to make professional sports more inclusive and equal for women, it would be to create more opportunities for women to play at the highest level. This would include things like equal prize money, media coverage, and access to training and development opportunities. I think this would help to create a level playing field and encourage more women and girls to pursue a career in professional sports. It would also help to break down some of the barriers that still exist for women in the industry. I believe that equality in professional sports is not only important for women, but for the sport as a whole.",1,,1,1,1,,,,,,,,,,,UK,Man
I will make equal pay for both men and women,1,,,,,,,,,,,,,,,UK,Man
People's perspective,,,,,,,,,,,,,,,1,UK,Woman
Equal pay,1,,,,,,,,,,,,,,,UK,Woman
Encourage sport participation at a younger age with more funding for Early years in schools,,1,,,,,,,,,,,,,,UK,Man
The language used,,,,,,,,,,,,,,,1,UK,Man
Sporting brands,,1,,,,,,,,,,,,,,UK,Man
"One thing that could be done to make professional sports more inclusive and equal for women is to increase the amount of media coverage given to women's sports. Many sports networks and websites devote the majority of their coverage to men's sports, and women's sports often receive a fraction of the attention.",,1,1,,1,,,,,,,,,,,UK,Woman
Increase more payment for women for sport proffessional,1,1,,,,,,,,,,,,,,UK,Woman
Equal investment,,,,,,,,,,,,,,,1,UK,Man
I will change the negative views of people towards woman,,,,,,,,,,,,,,,1,UK,Woman
Some of the rules,,,,,,,,,,,,,,,1,UK,Man
Ensure equal government funding for all genders in sport,,,,1,,,,,,,,,,,,UK,Man
An equal rate of pay and opportunity,1,,,,,,,,,,,,,,,UK,Man
Keep politics away from sport,,1,,,,,,,,,,,,,,UK,Man
same pay for everyone,1,,,,,,,,,,,,,,,UK,Man
Pay,,,,,,,,,,,,,,,1,UK,Man
Education,,,,,,,,,,,,,,,1,UK,Man
The soccer baskey,,1,,,,,,,,,,,,1,,UK,Man
Equal participation,,,,,,,,,,,,,,,1,UK,Man
"Providing financial support, more visibility for women sport, equal pay",1,,,,,,,,,,,,,,,UK,Woman
Everything be on a par with mens,,,,,,,,,,,,,,,1,UK,Man
More wider availability,,,,,,,,,,,,,,,1,UK,Man
Equal pay,1,,,,,,,,,,,,,,,UK,Man
Ban the bigots from any attendance,,,,,,,,,,,,,,,1,UK,Man
The right to be paid equally,,,,,,,,,,,,,,,1,UK,Man
Bend the rules for women,,,,,,,,,,,,,,,1,UK,Man
The way the treat them,,,,,,,,,,,,,,,1,UK,Man
Equal pay,1,,,,,,,,,,,,,,,UK,Woman
Both genders will be given equal pay and incentive,1,,,1,,,,,,,,,,,,UK,Woman
Offer more opertunity,,,,,,,,,,,,,,,1,UK,Man
Equal pay,1,,,,,,,,,,,,,,,UK,Woman
I think we should provide more platforms to them,,,,,,,,,,,,,,,1,UK,Man
I wouldnt,,,,,,,,,,,,,,,1,UK,Man
Not sure,,,,,,,,,,,,,,,1,UK,Woman
Ban all drugs,,,,,,,,,,,,,,,1,UK,Woman
"that charge for what they GENERATE, LEVEL 1 economy",,,,,,,,,,,,,,,1,Spain,Man
Just total equality,,,,1,,,,,,,,,,,,Spain,Man
NOTHING EVERYTHING WILL COME IN ITS TIME,,,,,,,,,,,,,,,1,Spain,Woman
The male chauvinism,,,,,,,,,,,,,,,1,Spain,Man
The same rights,,,,1,,,,,,,,,,,,Spain,Man
The mentality of sports fans and the fact that the press talks about them,,1,,,,,,,,,,,,,,Spain,Woman
More equality,,,,1,,,,,,,,,,,,Spain,Man
Soccer,,1,,,,,,,,,,,,1,,Spain,Woman
"Make more visible the soccer games that women play, just as they do with men.",,1,,,,,,,,,,,,1,,Spain,Woman
"I wouldn't change anything, I believe that there is already equality in everything except in specific cases",,,,1,,,,,,,,,,,,Spain,Man
Well at the moment still nothing.,,,,,,,,,,,,,,,1,Spain,Woman
Media coverage needed to be much greater than current for women's sports,,1,1,,,,,,,,,,,,,Spain,Woman
Salary,1,,,,,,,,,,,,,,,Sweden,Woman
The same clothes for everyone,,,,,,,,,,,,,,,1,Spain,Man
Let them play for themselves,,,,,,,,,,,,,,,1,Sweden,Man
women's teams,,,,,,,,,,,,,,,1,Spain,Woman
Greater range of equipment,,,,,,,,,1,,,,,,,Sweden,Man
Let there be more famous players,,1,,,,,,,,,,,,,,Spain,Woman
Wages,1,,,,,,,,,,,,,,,Spain,Man
Higher salary,1,,,,,,,,,,,,,,,Spain,Woman
That the stereotype of team and league leaders being men be removed,,,,,,1,,,,,,,,,,Spain,Woman
nothing to add,,,,,,,,,,,,,,,1,Spain,Woman
The promotion,,,1,,,,,,,,,,,,,Spain,Man
Salaries and possibility of a future after finishing,1,,,,,,,,,,,,,,,Spain,Man
More public money,1,,,,,,,,,,,,,,,Spain,Man
Same salary,1,,,,,,,,,,,,,,,Spain,Man
Participate in male-dominated sports,,1,,,,,,,,,,,,,,Sweden,Woman
freedom from responsibility during menstruation,,,,,,,,,,,,,,,1,Sweden,Woman
Salary,1,,,,,,,,,,,,,,,Spain,Man
gym,,,,,,,,,,,,,,,1,Spain,Man
that only women competed,,,,,,,,,,,,,,,1,Spain,Man
More directives,,,,,,,,,,,,,,,1,Spain,Man
Same salary and benefits.,1,,,,,,,,,,,,,,,Sweden,Man
The audience,,,,,,,,,,,,,,,1,Spain,Man
"take out all the leaders, both political and sports associations",,,,,1,,,,,,,,,,,Spain,Man
mixed teams,,,,,,,,,,1,,,,,,Poland,Woman
Better contracts,,,,,,,,,,,,,,,1,Spain,Man
Salary,1,,,,,,,,,,,,,,,Spain,Man
Clothing prices,,,,,,,,,,,,,,,1,France,Woman
Promoting sports for women,,1,,,,,,,,,,,,,,Poland,Woman
"If I had to change one thing to make professional sports more inclusive and equal for women, I would implement full pay equality between male and female athletes.",1,,,1,1,,,,,,,,,,,France,Man
There should also be Paralympics,,,,,,,,,,,,,,,1,Poland,Woman
Vve,,,,,,,,,,,,,,,1,France,Man
favor women,,,,,,,,,,,,,,,1,France,Woman
Athletics classified on a 2/1 scale,,,,,,,,,,,,,,,1,Poland,Woman
Pub,,,,,,,,,,,,,,,1,France,Man
The education,,,,,,,,,,,,,,,1,Spain,Man
More coverage for everyone,,,,,,,,,,,,,,,1,Spain,Man
mixed competitions,,,,,,,,,,1,,,,,,Spain,Man
same prize money as men,1,,,,,,,,,,,,,,,Germany,Man
increased television coverage,,,,,,,,,,,,,,,1,Spain,Man
More coverage,,,,,,,,,,,,,,,1,Germany,Man
Changing social awareness,,,1,,,,,,,,1,,,,,Poland,Man
"Equalization of prizes and other compensations. In terms of salaries, it is not possible since it will depend on the income generated by the specific sporting activity.",1,,,,,,,,,,,,,,,Spain,Man
Salary,1,,,,,,,,,,,,,,,France,Man
introduction of mixed teams,,,,,,,,,,1,,,,,,Poland,Man
Do not know,,,,,,,,,,,,,,,1,Sweden,Man
Equal pay,1,,,,,,,,,,,,,,,Poland,Man
I would eliminate the feminine,,,,,,,,,,,,,,,1,Spain,Man
Difficult question. Wage equalization.,1,,,,,,,,,,,,,,,Poland,Man
"I would throw out a slogan such as national sports, where women rarely like to play football.",,1,,,,,,,,,,,,1,,Poland,Man
Retrograde and sexist mentalities.,,,,,,1,,,,,,,,,,Spain,Man
That there were mixed competitions apart from those that already exist. It could be shown that women can do it as well or better than men.,,,,,,,,,,1,,,,,,Spain,Man
The same salary and bonus,1,,,,,,,,,,,,,,,France,Man
Put men and women at the same stage,,,,,,,,,,,,,,,1,France,Man
Changing the perception of women,,,,,,,,,,,1,,,,,Germany,Woman
That the same brands that sponsor male athletes and cyclists also sponsor women's sport.,,,,,,,,,,,,,,,1,France,Man
"If I had to change one thing to make professional sports more inclusive and equal for women, I would focus on pay equity and professional development opportunities. It is essential to ensure that female athletes are paid fairly compared to their male counterparts, and that they have access to the same opportunities for training, promotion and career progression. This could require the establishment of specific policies and programs aimed at closing the pay gap, promoting balanced gender representation in decision-making bodies and providing increased support for the development of skills and professional aspirations of employees. female athletes. By ensuring equal opportunities and conditions for women in professional sport, we could help create a more inclusive and diverse environment, where all athletes have the opportunity to thrive and shine, regardless of their gender .",1,,,1,1,,1,,,,,,,,,France,Man
"Financial balance, women should also train the national football team",,,,,,,,,,,,,,1,,Germany,Woman
"Let everyone work in the same direction, more competitiveness",,,,,,,,,,,,,,,1,France,Woman
Equal pay,1,,,,,,,,,,,,,,,France,Man
It's hard to write,,,,,,,,,,,,,,,1,Poland,Man
promotion of sports for different genders,,,,1,,,,,,,,,,,,Poland,Man
promoting women's sports in team games,,1,,,,,,,,,,,,,,Poland,Woman
More media education,,,1,,,,,,,,,,,,,Poland,Man
equal rights for all,,,,1,,,,,,,,,,,,Germany,Man
Equal pay as men,1,,,,,,,,,,,,,,,Germany,Woman
Have the same salaries and more attractive,1,,,,,,,,,,,,,,,France,Man
That women could also play with the men and mixed teams,,1,,,,,,,,,,,,,,Germany,Woman
Broadcast women's sport more in the media,,1,1,,,,,,,,,,,,,France,Man
Evidently in tomorrow's level in tomorrow's day,,,,,,,,,,,,,,,1,Poland,Man
Gender divisions,,,,1,,,,,,,,,,,,Poland,Man
"More bonuses, higher salaries",1,,,,,,,,,,,,,,,France,Man
"The violation lasts for hours, days, years...",,,,,,,,,,,,,,,1,Poland,Man
Less money and more sport,1,1,,,,,,,,,,,,,,France,Man
that they should earn as much as but.,,,,,,,,,,,,,,,1,Sweden,Man
Same rules,,,,,,,,,,,,,,,1,Sweden,Man
same money for everyone.,1,,,,,,,,,,,,,,,Germany,Man
Women in key positions.,,,,,,,,,,,,,,,1,Germany,Man
We viewers should encourage this,,,,,,,,,,,,,,,1,Germany,Man
Don’t let the leadership of sport be dominated only by men.,,,,,1,,,,,,,,,,,Germany,Man
"Same training conditions, for example.",,,,,,,1,,1,,,,,,,Germany,Man
Equal prize money,1,,,,,,,,,,,,,,,Germany,Man
more different genres just on performance,,,,,,,,,,,,,,,1,France,Woman
Same income.,,,,,,,,,,,,,,,1,France,Man
equal pay,1,,,,,,,,,,,,,,,France,Woman
fair competition,,,,,,,,,,,,,,,1,Germany,Woman
Better pay,1,,,,,,,,,,,,,,,France,Woman
allow the same gains for women as for men,,,,,,,,,,,,,,,1,France,Man
Recruitment without distinction of gender,,,,1,,,,,,,,,,,,France,Woman
Advertising and equal salaries,1,,,,,,,,,,,,,,,Spain,Woman
The media,,,1,,,,,,,,,,,,,Spain,Woman
Equal pay,1,,,,,,,,,,,,,,,France,Woman
Equal pay,1,,,,,,,,,,,,,,,Spain,Man
The rules,,,,,,,,,,,,,,,1,Spain,Man
Change the rules,,,,,,,,,,,,,,,1,Spain,Man
Broadcast more women's matches on TV,,1,1,,,,,,,,,,1,,,France,Woman
I would do mixed groups,,,,,,,,,,1,,,,,,Spain,Woman
Sexism,,,,,,1,,,,,,,,,,Spain,Woman
give more visibility to women's sports,,1,,,,,,,,,,,,,,Spain,Woman
Greater visibility in the media for women's teams,,1,1,,,,,,,,,,,,,Spain,Woman
More respect towards women,,,,,,,,,,,,,,,1,Spain,Woman
Better laws,,,,,,,,,,,,,,,1,Spain,Man
Recognition of your work,,,,,,,,,,,,,,,1,Spain,Man
How the media inform and prioritize,,,1,,,,,,,,,,,,,Spain,Man
Institutional respect,,,,,,,,,,,,,,,1,Spain,Man
Improve sports in inclusive theme,,1,,,1,,,,,,,,,,,Spain,Man
More equitable,,,,,,,,,,,,,,,1,Spain,Woman
The mentality of the people,,,,,,,,,,,,,,,1,Spain,Woman
Sexualize women less,,,,,,1,,,,,,,,,,Germany,Woman
that it be advertised and broadcast in the same way,,,1,,,,,,,,,,,,,Spain,Woman
Pay equality,,,,1,,,,,,,,,,,,Spain,Man
that they had the same salary,1,,,,,,,,,,,,,,,Spain,Man
"equal access to the media, popularization of women in sports",,,1,,,,,,,,,,,,,Poland,Man
The sexist -mind- and -ideology- of men,,,,,,1,,,,,,,,,,Spain,Woman
Schedules and TV,,,1,,,,,,,,,,1,,,Spain,Man
The promotion,,,1,,,,,,,,,,,,,Spain,Woman
Strengthen the bases of equality,,,,1,,,,,,,,,,,,Spain,Woman
I would put a muzzle on more than a halter,,,,,,,,,,,,,,,1,Spain,Man
Equal pay,1,,,,,,,,,,,,,,,Spain,Woman
That women be included in the entities that are in charge of regulating sports,,1,,,1,,,,,,,,,,,Spain,Woman
More female managers,,,,,,,,,,,,,,,1,Spain,Man
The salaries,1,,,,,,,,,,,,,,,Spain,Man
greater equality among all people,,,,1,,,,,,,,,,,,Poland,Woman
That there was more vision of the other gender,,,,1,,,,,,,,,,,,Spain,Man
More women in power organizations that influence sport more and better,,1,,,,,,,,,,,,,,Spain,Man
"Promote training schools for different sports for girls, future high-performance female athletes.",,1,,,,,,,,,,,,,,Spain,Man
Equal pay,1,,,,,,,,,,,,,,,Poland,Woman
Joint training for women and men,,,,,,,,,1,,,,,,,Poland,Man
Same prize money,1,,,,,,,,,,,,,,,Sweden,Woman
The same for everyone,,,,,,,,,,,,,,,1,Spain,Man
I've never thought about this and I'm afraid I can't answer this question,,,,,,,,,,,,,,,1,Poland,Woman
More news coverage,,,,,,,,,,,,,,,1,Spain,Man
Make equality,,,,1,,,,,,,,,,,,France,Man
Same prizes,1,,,,,,,,,,,,,,,Spain,Man
The Grazer are better,,,,,,,,,,,,,,,1,Germany,Woman
The development of women's sports should be encouraged from educational areas so that it has greater visibility.,,1,,,,,,,,,,,,,,Spain,Man
Salary and opportunities,1,,,,,,,,,,,,,,,Spain,Man
Educate in equality from a young age,,,,1,,,,,,,,,,,,Spain,Man
"Nothing. People watch the sport they like. When women practice a sport well they will have followers, tennis is the great example",,1,,,,,,,,,,,,,,Spain,Man
Greater sport in public school,,1,,,,,,,,,,,,,,Spain,Man
"Support for women in professional sport, better funding",,1,,,,,,,,,,,,,,Germany,Woman
equal opportunities,,,,,,,,,,,,,,,1,Spain,Man
"Spectacularity, real commitment, quality.",,,,,,,,,,,,,,,1,Poland,Man
Higher pay,1,,,,,,,,,,,,,,,Sweden,Woman
more advertising and investment in women's sports,,1,,,,,,,,,,,,,,Poland,Man
Mix it up with men,,,,,,,,,,1,,,,,,Spain,Man
Equal pay between men and women,1,,,,,,,,,,,,,,,France,Man
to make it more attractive so that more people see it,,,,,,,,,,,,,,,1,Spain,Man
Equal pay,1,,,,,,,,,,,,,,,Germany,Man
"Probably nothing, because I know more women in professional sports who earn better and have better results than men in the same disciplines",,,,,,,,,,,,,,,1,Poland,Man
More female leaders,,,,,1,,,,,,,,,,,Sweden,Woman
Know inner,,,,,,,,,,,,,,,1,Sweden,Man
Equal pay,1,,,,,,,,,,,,,,,Sweden,Woman
Common competitions,,,,,,,,,,,,,,,1,France,Man
Salary and prize money,1,,,,,,,,,,,,,,,Sweden,Woman
salary,1,,,,,,,,,,,,,,,Poland,Man
Salaries,1,,,,,,,,,,,,,,,Poland,Man
pay equality,,,,1,,,,,,,,,,,,Poland,Man
Raise their wages,1,,,,,,,,,,,,,,,Sweden,Woman
sponsors,,,,,,,,,,,,,,,1,Poland,Man
"One of the most important changes could be ensuring equal pay for equal work, this means that women and men should receive the same prize money in professional sports, which is a key step in gender equality. This equal pay could increase women's motivation and involvement in sports and improve their visibility and representation",1,,,1,,,,,,,,,,,,Poland,Man
Salary alignment,1,,,,,,,,,,,,,,,France,Man
Equality of diffusion,,,,1,,,,,,,,,,,,France,Man
I think that wages and the media have a big responsibility,,,1,,,,,,,,,,,,,Sweden,Woman
More training to catch up,,,,,,,,,1,,,,,,,France,Man
More media coverage,,,1,,,,,,,,,,,,,France,Woman
Media time,,,1,,,,,,,,,,,,,Sweden,I prefer not to say
the money of course,1,,,,,,,,,,,,,,,Germany,Woman
"Equal pay, which is unrealistic because public interest is not equally high",1,,,,,,,,,,,,,,,Germany,Woman
Same prize money,1,,,,,,,,,,,,,,,Sweden,Man
football,,,,,,,,,,,,,,1,,Germany,Man
The same opportunities for both sexes where they both have the same percentage salary and access to materials,1,,,,,,,,,,1,,,,,Sweden,Man
more justice,,,,,,,,,,,,,,,1,Sweden,Man
Salary,1,,,,,,,,,,,,,,,Germany,Man
It should not exist because it is unfair,,,,,,,,,,,,,,,1,Germany,Man
Invite,,,,,,,,,,,,,,,1,Sweden,Man
I would like to see more openness and transparency in professional sports,,1,,,,,,,,,,1,,,,Germany,Man
Equality,,,,1,,,,,,,,,,,,Germany,Man
Equal pay,1,,,,,,,,,,,,,,,Sweden,Man
Invest more money,1,,,,,,,,,,,,,,,Germany,Man
"Equal pay, equal transmission time",1,,,,,,,,,,,,,,,Germany,Man
"I would want them to be respected by the media, sports fans and their peers as much as male sports stars are.",,,1,,,,,,,,,,,,,UK,Woman
Equal payment rate,1,,,,,,,,,,,,,,,UK,Man
Making available more opportunities of involvement,,,,,,,,,,,,,,,1,UK,Woman
Quality delivery,,,,,,,,,,,,,,,1,UK,Woman
Equal pay,1,,,,,,,,,,,,,,,UK,Woman
Excellent customer,,,,,,,,,,,,,,,1,UK,Woman
"As I said, give them more visibility in the media.",,,1,,,,,,,,,,,,,Spain,Man
Event announcements,,,,,,,,,,,,,,,1,Spain,Woman
"Do not use inclusivity as if you were selling a broken motorcycle, work for true equality.",,,,1,1,,,,,,,,,,,Spain,Man
The education,,,,,,,,,,,,,,,1,Spain,Woman
Market women’s sport a lot more,,1,,,,,,,,,,,,,,UK,Man
I would put inclusive rules,,,,,1,,,,,,,,,,,Spain,Woman
More directives,,,,,,,,,,,,,,,1,Spain,Woman
best laws,,,,,,,,,,,,,,,1,Spain,Man
in football,,1,,,,,,,,,,,,1,,Spain,Man
Less aggressiveness and non-sport,,,,,,,,1,,,,,,,,Spain,Woman
That they had more visibility on television and advertising to be able to match men's sports.,,1,,,,,,,,,,,,,,Spain,Woman
It would force broadcasters to pay rights for both the men's and women's teams.,1,,,,,,,,,,,,,,,Spain,Man
give more visibility so that it engages and captures attention,,,1,,,,,,,,,,,,,Spain,Woman
No,,,,,,,,,,,,,,,1,UK,Man
More women higher up in sports,,1,,,,,,,,,,,,,,UK,Woman
Encourage mixed events,,,,,,,,,,1,,,,,,UK,Man
Equal pay,1,,,,,,,,,,,,,,,UK,Woman
Equal pay in professional sports,1,,,,,,,,,,,,,,,Sweden,Woman
Pay,,,,,,,,,,,,,,,1,UK,Woman
More attention,,,,,,,,,,,,,,,1,Germany,Man
I think it’s going in right direction,,,,,,,,,,,,,,,1,UK,Woman
Show more matches and promote more,,1,,,,,,,,,,,,,,UK,Woman
Equal pay,1,,,,,,,,,,,,,,,UK,Woman
Clothing.,,,,,,,,,1,,,,,,,UK,Woman
There is not much more to be done for everyone Mockery is inclusive and equal It's just that some people think wrong And then it becomes discrimination,,,,,1,1,,,,,,,,,,Sweden,Woman
Same value.,,,,,,,,,,,,,,,1,Germany,Woman
Equal pay for women,1,,,,,,,,,,,,,,,Germany,Man
Equal pay for equal work.,1,,,,,,,,,,,,,,,Germany,Man
Payment,,,,,,,,,,,,,,,1,UK,Man
Change clothes,,,,,,,,,,,,,,,1,Sweden,Woman
Shorter regulations,,,,,,,,,,,,,,,1,Germany,Man
Equal pay will be a priority,1,,,,,,,,,,,,,,,UK,Man
best sports and helper,,,,,,,,,,,,,,,1,UK,Man
Cash,1,,,,,,,,,,,,,,,UK,Man
Equal conditions for all,,,,,,,1,,,,,,,,,Sweden,Man
To swim,,,,,,,,,,,,,,,1,Germany,Man
People iron,,,,,,,,,,,,,,,1,Sweden,Man
Introduce greater media presence for women,,,1,,,,,,,,,,,,,Germany,Man
Simply stop making distinctions,,,,,,,,,,,,,,,1,Germany,Woman
More media coverage,,,1,,,,,,,,,,,,,Germany,Woman
Prize moeny,1,,,,,,,,,,,,,,,UK,Man
Equal prize money.,1,,,,,,,,,,,,,,,UK,Man
Put a good player and pay less for it,1,,,,,,,,,,,,,,,France,Woman
LEAVE DIFFERENT GENRES FREE,,,,,,,,,,,,,,,1,France,Man
The leaders,,,,,1,,,,,,,,,,,France,Woman
salary and promotion,1,,,,,,,,,,,,,,,France,Woman
Female referee,,,,,,,,,,,,,,,1,France,Woman
Equivalent salary,1,,,,,,,,,,,,,,,France,Man
Stream women's matches,,,,,,,,,,,,,,,1,France,Woman
TV channels,,,1,,,,,,,,,,1,,,France,Woman
No longer classify women with women and men with men but by mixed level,,,,,,,,,,1,,,,,,France,Man
Equal prize money,1,,,,,,,,,,,,,,,Sweden,Woman
More visible in the media,,,1,,,,,,,,,,,,,Sweden,Woman
more category,,,,,,,,,,,,,,,1,France,Woman
Ensuring that both women and men receive the same pay for performing the same sport at the same professional level.,1,,,,,,,,,,,,,,,Poland,Man
Thread,,,,,,,,,,,,,,,1,Poland,Man
Image conveyed by the media,,,1,,,,,,,,,,,,,France,Woman
"Women in sport should be promoted as much as men, and men in sport are promoted more in the media.",,1,1,,,,,,,,,,,,,Poland,Woman
Making women's sports more interesting,,1,,,,,,,,,,,,,,Poland,Man
Mix genders in teams,,,,1,,,,,,,,,,,,France,Man
More visibility,,,1,,,,,,,,,,,,,France,Woman
Earnings,1,,,,,,,,,,,,,,,Poland,Man
Money,,,,,,,,,,,,,,,1,France,Man
Lower wages,1,,,,,,,,,,,,,,,France,Man
Sports requirements,,1,,,,,,,,,,,,,,Poland,Man
"Equal salaries for women and men, as well as mediation by the press towards both sexes",,,1,,,,,,,,,,,,,France,Woman
Equal treatment at the level of competitions and the same visibility / promotion of these events,,,1,,,,,,,,,,,,,France,Woman
Similar sports,,1,,,,,,,,,,,,,,Poland,Woman
Raise the salary significantly,1,,,,,,,,,,,,,,,Sweden,Woman
"You encourage children to take part, in every age category",,,,,,,,,,,,,,,1,Poland,Woman
More women in the actual sport,,1,,,,,,,,,,,,,,UK,Woman
Support,,,,,,,,,,,,,,,1,Spain,Woman
In salary,1,,,,,,,,,,,,,,,Spain,Woman
More encounters,,,,,,,,,,,,,,,1,Sweden,Man
Equal opportunity and pay,1,,,,,,,,,,,,,,,UK,Woman
Televised more,,1,,,,,,,,,,,,,,Spain,Woman
Advertising on television networks and the broadcasting of both male and female programs,,,1,,,,,,,,,,,,,Spain,Woman
Equality,,,,1,,,,,,,,,,,,Spain,Woman
Basketball,,,,,,,,,,,,,,,1,Sweden,Woman
the same salary for the same sport,1,,,,,,,,,,,,,,,Spain,Woman
Help more from the base,,,,,,,,,,,,,,,1,Spain,Man
Decision making jobs,,,,,,,,,,,,,,,1,Spain,Woman
The team directive,,,,,,,,,,,,,,,1,Spain,Man
Same cost and pay,1,,,,,,,,,,,,,,,UK,Woman
the salaries,1,,,,,,,,,,,,,,,Spain,Man
Appearances in equal media in times and schedules,,,1,,,,,,,,,,,,,Spain,Woman
Equalize salaries and reduce men's salaries to the same as women's,1,,,,,,,,,,,,,,,Spain,Man
that they have the same things for both one and the other,,,,,,,,,,,,,,,1,Spain,Man
More female managers in sports associations of all types,,1,,,,,,,,,,,,,,Spain,Woman
Giving women more chances to play a variety of sports,,1,,,,,,,,,,,,,,UK,Woman
Gender equality,,,,1,,,,,,,,,,,,Spain,Man
I would have the teams be mixed,,1,,,,,,,,,,,,,,Spain,Woman
Equal salary,1,,,,,,,,,,,,,,,Spain,Man
Give more coverage on tv,,,1,,,,,,,,,,1,,,UK,Woman
salaries that are the same as that of men,,,,,,,,,,,,,,,1,Spain,Man
I would change men who are still stuck in stereotypes,,,,,,1,,,,,,,,,,Spain,Woman
Women can do everything,,,,,,,,,,,,,,,1,UK,Woman
Change the media to more open-minded ones that are not so traditional.,,,1,,,,,,,,,,,,,Spain,Man
Reset everything to zero and start again,,,,,,,,,,,,,,,1,Germany,Woman
Make sure they have there own unique brand,,,,,,,,,,,,,,,1,UK,Woman
More recognition,,,,,,,,,,,,,,,1,Germany,Woman
More men and women playing in teams together,,1,,,,,,,,,,,,,,UK,Woman
Media coverage,,,1,,,,,,,,,,,,,UK,Woman
the pay,1,,,,,,,,,,,,,,,UK,Woman
Begin inclusive sports from a young age,,1,,,1,,,,,,,,,,,UK,Woman
Keep males out of women's sports and changing rooms.,,,,,,,,,,,,,,,1,UK,Woman
Pay,,,,,,,,,,,,,,,1,UK,Woman
Equal coverage in the media and thus more attention and financial resources for women's sport.,,1,1,,,,,,,,,,,,,Germany,Woman
more self-promotion,,,1,,,,,,,,,,,,,Germany,Man
"Replacing men in leadership ranks, see Rubiales",,,,,1,,,,,,,,,,,Germany,Woman
Adjust salaries,1,,,,,,,,,,,,,,,Germany,Man
"Everyone is treated fairly and justly, regardless of gender.",,,,1,,,,,,,,,,,,Germany,Woman
Nothing,,,,,,,,,,,,,,,1,Germany,Man
Clothes,,,,,,,,,,,,,,,1,Sweden,Man
Equal pay if financially possible,1,,,,,,,,,,,,,,,Germany,Woman
Presence and discussion in public,,,,,,,,,,,,,,,1,Germany,Woman
Replace the old men from the sports committees with their old views with young people.,,,,,,,,,,,,,,,1,Germany,Woman
Same conditions as in men's sport,,,,,,,1,,,,,,,,,Spain,Man
WOMEN'S FOOTBALL LEAGUE AND EARNINGS THE SAME AS IN THE MEN'S LEAGUE.,,,,,,,,,,,,,,1,,Poland,Woman
"I don't like women in all sports, they look horrible",,,,,,,,,,,,,,,1,Spain,Man
would impose multigenre teams,,,,,,,,,,,,,,,1,Spain,Man
The managers,,,,,,,,,,,,,,,1,Spain,Man
Financial provisions,,,,,,,,,,,,,,,1,Spain,Man
Salaries,1,,,,,,,,,,,,,,,France,Man
That each one was independent of himself.,,,,,,,,,,,,,,,1,Spain,Woman
Put women in sport more forward in terms of media coverage,,1,1,,,,,,,,,,,,,France,Man
Encourage immigrant girls to sports and...,,1,,,,,,,,,,,,,,Sweden,Man
Media coverage,,,1,,,,,,,,,,,,,Sweden,Man
The sex difference,,,,,,1,,,,,,,,,,France,Man
Equal rights for all,,,,1,,,,,,,,,,,,Germany,Woman
financial appreciation of women,,,,,,,,,,,,,,,1,Poland,Woman
"I would withdraw this inclusiveness, nothing should change except equal pay",1,,,,,,,,,,,,,,,Poland,Woman
More media coverage,,,1,,,,,,,,,,,,,UK,Woman
More recognitions,,,,,,,,,,,,,,,1,UK,Woman
Making women football popular,,1,,,,,,,,,,,,1,,UK,Woman
Nothing at all,,,,,,,,,,,,,,,1,France,Man
Equal pay,1,,,,,,,,,,,,,,,UK,Woman
Make sure they wear men’s,,,,,,,,,,,,,,,1,UK,Man
Equal pay,1,,,,,,,,,,,,,,,UK,Man
The pay deficit,1,,,,,,,,,,,,,,,UK,Woman
Same salary for everyone in the corresponding sport,1,,,,,,,,,,,,,,,France,Woman
Acknowledgement,,,,,,,,,,,,,,,1,France,Woman
"Visibility, communication, comments from coaches",,,1,,,,,,,,,,,,,France,Woman
Equivalent salary,1,,,,,,,,,,,,,,,France,Woman
Salary,1,,,,,,,,,,,,,,,France,Woman
Disseminating comments online,,,,,,,,,,,,,,,1,France,Man
Take into account gender equality,,,,1,,,,,,,,,,,,France,Woman
Media coverage,,,1,,,,,,,,,,,,,France,Woman
The same salary and the same media hype,1,,1,,,,,,,,,,,,,France,Woman
The way of communication,,,,,,,,,,,,,,,1,France,Woman
"Increase TV time for women's handball, volleyball, basketball",,1,1,,,,,,,,,,1,,,Sweden,Man
Because I think there,,,,,,,,,,,,,,,1,Sweden,Woman
Create the same conditions,,,,,,,1,,,,,,,,,Sweden,Woman
That it becomes more fair,,,,,,,,,,,,,,,1,Sweden,Woman
Rights for all genders,,,,1,,,,,,,,,,,,Sweden,Woman
Sponsors,,,,,,,,,,,,,,,1,Germany,Woman
Sponsorship,,,,,,,,,,,,,,,1,Germany,Woman
women should perform less,,,,,,,,,,,,,,,1,Germany,Woman
The media,,,1,,,,,,,,,,,,,Germany,Woman
Women should receive the same pay as their male colleagues.,1,,,,,,,,,,,,,,,Germany,Man
equal rights,,,,1,,,,,,,,,,,,Germany,Woman
Equal pay for all and mixed teams,1,,,,,,,,,,,,,,,Germany,Woman
Equal values ​​for women sport is shown in the media,,,1,,,,,,,,,,,,,Germany,Woman
appreciate more and not just smile,,,,,,,,,,,,,,,1,Germany,Man
Salary,1,,,,,,,,,,,,,,,Germany,Man
Less doping,,,,,,,,,,,,,,,1,Poland,Woman
Recipes,,,,,,,,,,,,,,,1,Poland,Man
Publicizing women's games,,1,,,,,,,,,,,,,,Poland,Woman
These are no cash prizes,1,,,,,,,,,,,,,,,Poland,Man
higher remuneration and promotion,1,,1,,,,,,,,,,,,,Poland,Woman
Equal start,,,,,,,,,,,,,,,1,Poland,Woman
Equal rights,,,,1,,,,,,,,,,,,Poland,Woman
Many mixes of people,,,,,,,,,,1,,,,,,Spain,Man
"Forcing women to watch more women's sports, forcing women to have more commitment to women's sports",,1,,,,,,,,,,,,,,Spain,Man
Greater visibility,,,1,,,,,,,,,,,,,Spain,Man
More visibility.,,,1,,,,,,,,,,,,,Spain,Woman
Give you more visibility in communications,,,1,,,,,,,,,,,,,Spain,Man
CREATE AWARENESS IN SOCIETY,,,,,,,,,,,1,,,,,Spain,Man
The estates,,,,,,,,,,,,,,,1,Spain,Man
Focus the media more on women's leagues,,1,1,,,,,,,,,,,,,Spain,Woman
The remuneration,1,,,,,,,,,,,,,,,Spain,Man
The awards,,,,,,,,,,,,,,,1,Spain,Woman
Greater visibility on TV channels,,,1,,,,,,,,,,1,,,Spain,Woman
Ease of access to management positions,,,,,,,,,,,,,,,1,Spain,Man
Remove obligations without looking at capabilities,,,,,,,,,,,,,,,1,Spain,Man
more money,1,,,,,,,,,,,,,,,Spain,Man
equal pay,1,,,,,,,,,,,,,,,Spain,Woman
Team building,,,,,,,,,,,,,,,1,Spain,Woman
Do not attend any sporting event without support for gender equality,,,,1,,,,,,,,,,,,Spain,Man
the salaries of athletes,1,,,,,,,,,,,,,,,Spain,Man
More fans,,,,,,,,,,,,,,,1,UK,Woman
Equal publicity for the sport,,1,,,,,,,,,,,,,,UK,Man
Prosecuting those who are abusive whether in person or online,,,,,,,,,,,,,,,1,UK,Woman
Equal pay,1,,,,,,,,,,,,,,,UK,Woman
Separation,,,,,,,,,,,,,,,1,UK,Man
To bring up the subject even more,,,,,,,,,,,,,,,1,Sweden,Woman
Equality in everything,,,,1,,,,,,,,,,,,Sweden,Woman
Put sports on TV where women play sports,,1,1,,,,,,,,,,1,,,France,Woman
Salary,1,,,,,,,,,,,,,,,France,Woman
More competition,,,,,,,,,,,,,,,1,France,Woman
I will make sure there are more media and supporters,,,1,,,,,,,,,,,,,France,Woman
Coeducation,,,,,,,,,,,,,,,1,France,Woman
"The same salaries, the same prices, the same benefits",1,,,,,,,,,,,,,,,France,Woman
Be seen more,,,,,,,,,,,,,,,1,Germany,Woman
Professional area Increase wages for women,1,,,,,,,,,,,,,,,Germany,Woman
higher premiums,1,,,,,,,,,,,,,,,Germany,Woman
Only let women fight against real women,,,,,,,,,,,,,,,1,Germany,Woman
Equal salary,1,,,,,,,,,,,,,,,Germany,Woman
"equal financing of women's and men's sports, equal earnings, sponsorship",,,,,,,,,,,,,,,1,Poland,Woman
Ensuring equal access to and full participation in sport includes equal pay in professional sports and the promotion of women in leadership positions,1,,,,1,,,,,,,,,,,Poland,Man
Make it more attractive,,,,,,,,,,,,,,,1,Germany,Woman
The transmission and reports in the news are exactly the same as for men,,,1,,,,,,,,,,,,,Germany,Woman
"Division into a given sport for women and, for example, due to its brutality, for men",,,,,,,,1,,,,,,,,Poland,Man
The rules of the game should be selected according to the predispositions of the participants,,,,,,,,,,,,,,,1,Poland,Man
"Equal support, equal pay for adequate performance as men.",1,,,,,,,,,,,,,,,Germany,Woman
Less machismo,,,,,,,,1,,,,,,,,Spain,Woman
equal pay,1,,,,,,,,,,,,,,,Spain,Woman
I would equalize salaries for athletes,1,,,,,,,,,,,,,,,Poland,Woman
everyone's opinion,,,,,,,,,,,,,,,1,Spain,Woman
give more visibility,,,1,,,,,,,,,,,,,Spain,Woman
The mentality of its managers,,,,,,,,,,,,,,,1,Spain,Woman
Equal pay,1,,,,,,,,,,,,,,,UK,Woman
More on tv,,,1,,,,,,,,,,1,,,UK,Woman
Equal pay,1,,,,,,,,,,,,,,,Spain,Woman
More investment and encouragement for women to be involved in sport,,1,,,,,,,,,,,,,,UK,Woman
Women coaches,,1,,,,,,,,,,,,,,Spain,Woman
Salary,1,,,,,,,,,,,,,,,Spain,Woman
Give more positions of trust to women,,,,,,,,,,,,,,,1,Spain,Woman
The mentality of many people should be changed,,,,,,,,,,,,,,,1,Spain,Woman
More money,1,,,,,,,,,,,,,,,UK,Man
Making sure that the girls get better at the sport they play.,,,,,,,,,,,,,,,1,Sweden,Man
Less sexism,,,,,,1,,,,,,,,,,France,Woman
Form teams by presentation and not gender,,,,1,,,,,,,,,,,,Sweden,Woman
Diversity of teams,,,,,,,,,,,,,,,1,France,Man
Increase visibility,,,1,,,,,,,,,,,,,France,Woman
Media coverage,,,1,,,,,,,,,,,,,France,Man
Change stereotypes,,,,,,1,,,,,,,,,,France,Man
I don't know.,,,,,,,,,,,,,,,1,France,Woman
I will establish a new mentality,,,,,,,,,,,,,,,1,France,Woman
change people's mentality,,,,,,,,,,,,,,,1,France,Man
Equal pay,1,,,,,,,,,,,,,,,Sweden,Woman
Salary,1,,,,,,,,,,,,,,,Sweden,Woman
Make boys and girls can drive together,,,,,,,,,,,,,,,1,Sweden,Man
Invest more money in the local clubs,1,1,,,,,,,,,,,,,,Sweden,Man
All the same rights,,,,1,,,,,,,,,,,,Sweden,Woman
More women,,,,,,,,,,,,,,,1,France,Man
Equal bonuses,1,,,,,,,,,,,,,,,France,Man
Combating the devastating sexism of supporters,,,,,,1,,,,,,,,,,France,Man
Salary,1,,,,,,,,,,,,,,,France,Man
I don't think there is anything that needs to change right away,,,,,,,,,,,,,,,1,Sweden,Man
I think it could be as quickly as possible for me,,,,,,,,,,,,,,,1,France,Man
Advertisement,,,1,,,,,,,,,,,,,France,Man
Nothing,,,,,,,,,,,,,,,1,France,Man
equal salary equal tv retransimision,1,,1,,,,,,,,,,1,,,France,Man
More institution,,,,,,,,,,,,,,,1,France,Man
Ban transgender people from competing as other than their birth gender,,,,,,,,,,,,1,,,,Sweden,Man
More publicized women's sport,,1,,,,,,,,,,,,,,France,Man
Not like that,,,,,,,,,,,,,,,1,Sweden,Woman
Nothing,,,,,,,,,,,,,,,1,Sweden,Man
To ensure that sponsors and those in power put the same amount of money into women's and men's sports at Junior level to make it all equal in the long run,1,,,,,,,,,,,,,,,Sweden,Man
Increase wages,1,,,,,,,,,,,,,,,Germany,Woman
More self-determination when it comes to unnecessarily skimpy sports clothing for female athletes.,,,,,,,,,1,,,,,,,Germany,Woman
Wage increases,1,,,,,,,,,,,,,,,Germany,Woman
Because giving women a chance,,,,,,,1,,,,,,,,,Germany,Woman
More visibility on social media,,,1,,,,,,,,,,,,,Germany,Woman
Are on the right track,,,,,,,,,,,,,,,1,Germany,Man
More media attention,,,1,,,,,,,,,,,,,Sweden,Woman
More teams,,1,,,,,,,,,,,,,,Poland,Woman
Same salary,1,,,,,,,,,,,,,,,Sweden,Man
Equal conditions and pay,1,,,,,,1,,,,,,,,,Sweden,Woman
It lungt bby you have a question if you don't,,,,,,,,,,,,,,,1,Sweden,Man
"More women's matches, e.g. Football",,1,,,,,,,,,,,,1,,Poland,Woman
Good everything,,,,,,,,,,,,,,,1,Sweden,Woman
That the volleyball ladies would not be forced to play in light clothing,,,,,,,,,1,,,,,,,Sweden,Woman
Women decide more,,,,,,,,,,,,,,,1,Sweden,Woman
Pay should be adjusted in many areas.,,,,,,,,,,,,,,,1,Germany,Man
Same privileges and earnings,1,,,,,,,,,,,,,,,Poland,Woman
Division into more sports rounds so that there is no sense of injustice,,1,,,,,,,,,,,,,,Poland,Woman
Equal pay for women and men,1,,,,,,,,,,,,,,,Poland,Woman
"Nothing, I guess",,,,,,,,,,,,,,,1,Poland,Man
Teach women their place,,,,,,,,,,,,,,,1,Sweden,Man
Results count,,,,,,,,,,,,,,,1,Poland,Man
Perception in society,,,,,,,,,,,1,,,,,Germany,Woman
Bigger and better events.,,,,,,,,,,,,,,,1,Germany,Man
Don't change that it's time for you,,,,,,,,,,,,,,,1,Sweden,Man
Free for everyone regardless of sport regarding team sports and less violent,,,,,,,,,,,,,,,1,Sweden,Man
More visibility for women's sports,,1,,,,,,,,,,,,,,Sweden,Man
more tv,,,1,,,,,,,,,,1,,,Germany,Man
"recruit more women in general, encourage women to do things like this.",,,,,,,,,,,,,,,1,Germany,Man
Detailed description,,,,,,,,,,,,,,,1,Sweden,Man
OK,,,,,,,,,,,,,,,1,Germany,Man
No idea,,,,,,,,,,,,,,,1,Germany,Man
No idea why,,,,,,,,,,,,,,,1,Germany,Man
More ads !!!,,,,,,,,,,,,,,,1,Germany,Man
Try to get more people interested in the sport when women play it.,,1,,,,,,,,,,,,,,Sweden,Man
equal pay,1,,,,,,,,,,,,,,,Sweden,Man
That everyone should be equal,,,,,,,,,,,,,,,1,Sweden,Man
Giving lectures to promote the movement,,,1,,,,,,,,,,,,,Germany,Man
Equal pay,1,,,,,,,,,,,,,,,UK,Woman
Have them rearrange their own league without men,,,,,,,,,,,,,,,1,UK,Man
Equal pay,1,,,,,,,,,,,,,,,UK,Woman
Money,,,,,,,,,,,,,,,1,UK,Man
Mixed teams,,,,,,,,,,1,,,,,,France,Woman
Put them on TV,,,1,,,,,,,,,,1,,,France,Man
More media and tv,,,1,,,,,,,,,,1,,,France,Man
I wouldn't change anything,,,,,,,,,,,,,,,1,France,Man
Be less forward boys,,,,,,,,,,,,,,,1,France,Woman
Moderation on social networks. Men who make sexist and violent remarks about the results or physique of female athletes should be sanctioned,,,1,,,,,,,,,,,,,France,Woman
Yes,,,,,,,,,,,,,,,1,Germany,Woman
Same payment,1,,,,,,,,,,,,,,,UK,Woman
Hold those responsible more accountable,,,,,,,,,,,,,,,1,Germany,Man
The live coverage and sponsors,,1,,,,,,,,,,,,,,UK,Woman
"Women should not be paid more for sports, that would be fair",,,,,,,,,,,,,,,1,Germany,Woman
mixed teams,,,,,,,,,,1,,,,,,France,Man
More sponsor focus on women,,,,,,,,,,,,,,,1,Sweden,Man
Include more,,,,,1,,,,,,,,,,,Germany,Woman
Mixed teams,,,,,,,,,,1,,,,,,Sweden,Woman
force people to watch women's football,,,,,,,,,,,,,,1,,France,Man
I have nothing on my mind right now,,,,,,,,,,,,,,,1,Germany,Woman
"For example,for a person(man) that identifies as a woman in a women sport( A physically demanding sport at that) the physical inclusiveness of such person should be an exception",,,,,1,,,,,,,,,,,UK,Man
The broadcast on TV,,,1,,,,,,,,,,1,,,France,Woman
Similar competitions and broadcasts,,1,,,,,,,,,,,,,,France,Woman
More women at the forefront of sports associations,,1,,,,,,,,,,,,,,Germany,Woman
Same pay as men,1,,,,,,,,,,,,,,,Sweden,Woman
Changing mentalities,,,,,,,,,,,,,,,1,France,Man
Sports body reform,,,,,,,,,,,,,,,1,France,Woman
More participation,,,,,,,,,,,,,,,1,UK,Man
Better financial conditions,,,,,,,1,,,,,,,,,Sweden,Man
More positives,,,,,,,,,,,,,,,1,UK,Woman
"Equal pay, achieve this by paying the overpaid sportsmen way less",1,,,,,,,,,,,,,,,UK,Man
Increase pay,1,,,,,,,,,,,,,,,UK,Woman
promoting women in sports,,1,,,,,,,,,,,,,,Poland,Woman
equal pay,1,,,,,,,,,,,,,,,UK,Woman
Equal pay,1,,,,,,,,,,,,,,,Sweden,Woman
Get rid of the men lol,,,,,,,,,,,,,,,1,UK,Woman
Salary,1,,,,,,,,,,,,,,,Sweden,Woman
Legalize equal rights in sport,,,,1,,,,,,,,,,,,Sweden,Woman
Change people’s perceptions and have people recognise everyone is the same,,,,1,,,,,,,1,,,,,UK,Woman
Greater promotion of women in sport,,1,,,,,,,,,,,,,,Poland,Woman
Equal pay,1,,,,,,,,,,,,,,,UK,Woman
equal pay for both sexes,1,,,,,,,,,,,,,,,Poland,Woman
The salary,1,,,,,,,,,,,,,,,Sweden,Woman
That clothes and shoes are developed that are more adapted to women to give them more comfort,,,,,,,,,1,,,,,,,Sweden,Woman
More women coverage in media,,,1,,,,,,,,,,,,,UK,Woman
Don’t speak to them differently on tv,,,1,,,,,,,,,,1,,,UK,Woman
Equal Pay,1,,,,,,,,,,,,,,,UK,Man
All sporting matches regardless of gender would be telivised,,,,1,,,,,,,,,,,,UK,Man
Equal pay,1,,,,,,,,,,,,,,,Sweden,Man
Greater financial outlay for women's sports.,,1,,,,,,,,,,,,,,Poland,Woman
That professional sportswomen have the same high reputation as athletes,,1,,,,,,,,,,,,,,Sweden,Woman
increase the amount of PE in schools,,,,,,,,,,,,,,,1,UK,Woman
Wage equalization,1,,,,,,,,,,,,,,,Poland,Woman
The way they are viewed,,,,,,,,,,,,,,,1,UK,Woman
Equal pay,1,,,,,,,,,,,,,,,Sweden,Woman
A lot more advertising showing that women are super fit than men,,,1,,,,,,,,,,,,,France,Woman
Bring the two gender together,,,,1,,,,,,,,,,,,UK,Man
More information in the media about women and their achievements,,,1,,,,,,,,,,,,,Poland,Woman
Women’s sports should only be accessible to women.,,,,,,,,,,,,,,,1,Germany,Man
Mixed teams,,,,,,,,,,1,,,,,,UK,Man
Greater visibility,,,1,,,,,,,,,,,,,Spain,Woman
Less patriarchy,,,,,,,,,,,,,,,1,France,Woman
Improvement of their salaries.,1,,,,,,,,,,,,,,,Spain,Man
that they may play with men,,,,,,,,,,,,,,,1,Sweden,Man
I have no idea,,,,,,,,,,,,,,,1,Poland,Woman
the amount of money charged,1,,,,,,,,,,,,,,,Spain,Woman
Nothing,,,,,,,,,,,,,,,1,Spain,Woman
Let the women themselves ask to do more sports.,,1,,,,,,,,,,,,,,Spain,Man
Pay equality,,,,1,,,,,,,,,,,,Spain,Man
Equality in prizes,,,,1,,,,,,,,,,,,Spain,Man
Respect for women by exposing it,,,,,,,,,,,,,,,1,Poland,Man
Enabling them to compete with LBTQ+,,,,,,,,,,,,1,,,,Poland,Man
The rules depending on the sport,,1,,,,,,,,,,,,,,Spain,Woman
That sponsors would pay more,1,,,,,,,,,,,,,,,Spain,Man
balanced cash prizes,1,,,,,,,,,,,,,,,Poland,Woman
salary,1,,,,,,,,,,,,,,,Spain,Man
the salary difference between men and women,1,,,,,,,,,,,,,,,Spain,Woman
I can do little,,,,,,,,,,,,,,,1,Spain,Man
I would make the rules imposed years ago much more flexible.,,,,,,,,,,,,,,,1,Spain,Woman
Media coverage,,,1,,,,,,,,,,,,,Poland,Woman
"The audience, advertising plus women",,,1,,,,,,,,,,,,,Spain,Woman
Equal earning opportunities,1,,,,,,,,,,,,,,,Germany,Man
To use only gender-neutral language,,,,1,,,,,,,,,,,,Sweden,Woman
Let it be announced more,,,,,,,,,,,,,,,1,Spain,Woman
"It would change the training of coaches, since with the premise of equality, they teach girls the same as boys and they lose aspects that are biologically more developed in them, which would make each sport better learned.",,,,1,,,,,,,,,,,,Spain,Man
More coverage on TV,,,1,,,,,,,,,,1,,,UK,Woman
That they had the same opportunities and the same economic effort and visibility,,,1,,,,,,,,,,,,,Spain,Woman
All,,,,,,,,,,,,,,,1,Spain,Woman
Same diffusion of women's sports,,1,,,,,,,,,,,,,,Spain,Woman
That it be given the same visibility as any sport in which men participate.,,,1,,,,,,,,,,,,,Spain,Woman
that women and men appear the same on television and in the media,,,1,,,,,,,,,,,,,Spain,Woman
More visibility,,,1,,,,,,,,,,,,,Spain,Woman
Money,1,,,,,,,,,,,,,,,Spain,Woman
the same entrance tests,,,,,,,,,,,,,,,1,Spain,Woman
Salary,1,,,,,,,,,,,,,,,Spain,Woman
Eliminate stereotypes,,,,,,1,,,,,,,,,,Spain,Woman
"Have brands offer sponsorships at the same level for men and women, and integrate them into major advertising campaigns.",,,1,,,,,,,,,,,,,Spain,Woman
More entertaining,,,,,,,,,,,,,,,1,Spain,Man
ball,,,,,,,,,,,,,,,1,Poland,Man
The machismo that exists,,,,,,,,1,,,,,,,,Spain,Woman
That they are in different places,,,,,,,,,,,,,,,1,Spain,Woman
more visibility of women's sports,,1,,,,,,,,,,,,,,Spain,Woman
Women and men same salaries,1,,,,,,,,,,,,,,,Spain,Woman
Same dissemination and publicity of women's sports in general.,,1,,,,,,,,,,,,,,Spain,Woman
"give it more visibility that is not so difficult to achieve, that is, broadcast it on television programs",,,1,,,,,,,,,,,,,Spain,Woman
Education,,,,,,,,,,,,,,,1,Spain,Man
More promotion,,,1,,,,,,,,,,,,,Spain,Woman
"More sponsorship from brands, better salaries",1,,,,,,,,,,,,,,,Spain,Woman
Give the sport more attention.,,1,,,,,,,,,,,,,,Sweden,Man
Salary,1,,,,,,,,,,,,,,,Spain,Man
May you have the same conditions,,,,,,,1,,,,,,,,,Spain,Woman
Encourage more viewing of women's sports,,1,,,,,,,,,,,,,,Spain,Woman
The transmission media,,,1,,,,,,,,,,,,,Spain,Woman
that prohibit the participation of trans people,,,,,,,,,,,,1,,,,Spain,Man
"Encourage the participation and visibility of sport for girls and women from an early age, with more references and opportunities",,1,,,,,,,,,,,,,,Spain,Woman
The importance given by sports organizations such as federations and leagues to women's sports programs.,,,,,1,,,,,,,,,,,Spain,Woman
More inclusion policy by the state,,,,,1,,,,,,,,,,,Spain,I prefer not to say
the salaries,1,,,,,,,,,,,,,,,Spain,Woman
Let women get paid,1,,,,,,,,,,,,,,,Spain,Woman
Community,,,,,,,,,,,,,,,1,Spain,Woman
Salary,1,,,,,,,,,,,,,,,Spain,Woman
"Machismo, we are always used to seeing only men participate in sporting events",,,,,,,,1,,,,,,,,Spain,Woman
Let all sports be shown on television regardless of gender.,,,,1,,,,,,,,,,,,Spain,Woman
There is equality in sports.,,,,1,,,,,,,,,,,,Poland,Woman
That both men and women can join,,,,,,,,,,,,,,,1,Spain,Woman
Same professional salary,1,,,,,,,,,,,,,,,Spain,Woman
Equal access opportunities,,,,1,,,,,,,,,,,,Spain,Woman
Less machismo,,,,,,,,1,,,,,,,,Spain,Woman
Play everyone for equality,,,,1,,,,,,,,,,,,Spain,Woman
Women with hijab doing sports,,,,,1,,,,,,,,,,,Spain,I prefer not to say
Make it more visible,,,1,,,,,,,,,,,,,Spain,Woman
"If I had to change one thing to make professional sports more inclusive and equal for women, it would be to implement policies and practices that ensure equal pay between male and female athletes at all levels and sporting disciplines. This would help to recognize and value the work and talent of women in sport fairly and equitably, and would send a clear message about the importance of gender equality in sports.",1,,,,1,,,,,,,,,,,Spain,Woman
equality,,,,1,,,,,,,,,,,,Poland,Man
Soccer,,1,,,,,,,,,,,,1,,Spain,Man
"The treatment and interest they receive, which was greater.",,,,,,,,,,,,,,,1,Spain,Woman
Truth to be told I do not know.,,,,,,,,,,,,,,,1,Spain,Woman
Sponsor more women,,,,,,,,,,,,,,,1,Spain,Woman
Play all together,,,,,,,,,,,,,,,1,Spain,Woman
Salary,1,,,,,,,,,,,,,,,Spain,Woman
Publicity of the topic in the media,,,1,,,,,,,,,,,,,Poland,Woman
Women,,,,,,,,,,,,,,,1,Spain,Man
"Well, I don't know, because equality is between men and women",,,,1,,,,,,,,,,,,Poland,Woman
More support,,,,,,,,,,,,,,,1,UK,Woman
Represent everything equally,,,,1,,,,,,,,,,,,Spain,Man
equal treatment,,,,,,,,,,,,,,,1,Germany,Woman
Coverage being equal,,,1,,,,,,,,,,,,,UK,Woman
"To make professional sports more inclusive and equal for women, it would be to ensure equal pay and investment across all levels of competition",1,,,,1,,,,,,,,,,,UK,Woman
Equal pay,1,,,,,,,,,,,,,,,Germany,Man
policy,,,,,,,,,,,,,,,1,Spain,Woman
Verbal discrimination against the weakest,,,,,,1,,,,,,,,,,Spain,Man
More woman on committees and panels,,,,,,,,,,,,,,,1,UK,Woman
"If I had to pick just one thing to make professional sports more inclusive and equal for women, it would be ensuring equal pay between male and female athletes. The pay gap between male and female athletes is a central issue that often reflects broader inequalities in professional sports. Ensuring that women receive the same pay as men for equivalent performance would help recognize the value and skills of female athletes equally to their male counterparts.",1,,,,1,,,,,,,,,,,France,Woman
Stop stereotypes,,,,,,1,,,,,,,,,,France,Woman
Equal pay and rights as the male equivalents.,1,,,,,,,,,,,,,,,UK,Woman
Give the same viewing time to TV,,,1,,,,,,,,,,1,,,France,Man
EqualPrize mkney,1,,,,,,,,,,,,,,,UK,Man
equal pay,1,,,,,,,,,,,,,,,Spain,Man
ensure equal pay,1,,,,,,,,,,,,,,,UK,Woman
sexist comments in men's soccer that belittle women's soccer,,,,,,,,,,,,,,1,,Spain,Man
Pay equal amount,,,,,,,,,,,,,,,1,UK,Man
The issue of salaries,1,,,,,,,,,,,,,,,Spain,Man
Sports coverage,,1,,,,,,,,,,,,,,UK,Woman
Improvement of physical conditions,,,,,,,1,,1,,,,,,,Spain,Man
Equal pay,1,,,,,,,,,,,,,,,UK,Man
Increased fan awareness. I am a female working in professional sport and the biggest weekly barrier I face is the abuse from away fans,,,,,,1,,,,,,,,,,UK,Woman
Promote more women's sports in schools and institutes,,1,,,,,,,,,,,,,,Spain,Man
More money in the market,1,,,,,,,,,,,,,,,Sweden,Man
Having mixed sports teams,,1,,,,,,,,,,,,,,UK,Man
I would see more women refereeing both male and female sports,,1,,,,,,,,,,,,,,UK,Woman
Nothing,,,,,,,,,,,,,,,1,Spain,Man
Equal media coverage,,,1,,,,,,,,,,,,,UK,Woman
Invent more sports that are suited to the female form so that women can play sport and retain their femininity,,1,,,,,,,,,,,,,,UK,Man
Equality in wages,,,,1,,,,,,,,,,,,Spain,Man
"Respect for their category, do not force transsexuals in their category.",,,,,,,,,,,,1,,,,Spain,Man
Give them the same opportunities,,,,,,,1,,,,,,,,,Spain,Man
"On the right track right now, include in prices and streaming services",,,,,1,,,,,,,,,,,Sweden,Man
Salary,1,,,,,,,,,,,,,,,Spain,Man
Put rubber cocks for everyone,,,,,,,,,,,,,,,1,Spain,Man
All women are allowed to participate as much as men,,,,,1,,,,,,,,,,,Sweden,Woman
The media,,,1,,,,,,,,,,,,,UK,Woman
More media,,,1,,,,,,,,,,,,,Spain,Man
Education from a young age,,,,,,,,,,,,,,,1,Spain,Man
There must be equal prize money and support for female sports,1,1,,,,,,,,,,,,,,Sweden,Woman
Representation on television and the media,,,1,,,,,,,,,,,,,France,Man
Less stereotypes,,,,,,1,,,,,,,,,,UK,Woman
respect,,,,,,,,,,,,,,,1,France,Woman
Grest,,,,,,,,,,,,,,,1,UK,Woman
Calculate now,,,,,,,,,,,,,,,1,Germany,Man
Equal treatment in the media,,,1,,,,,,,,,,,,,UK,Woman
For women to be seen for their ability and merit rather than their gender,,,,1,,,,,,,,,,,,UK,Woman
Gender-based leadership to all professional sports,,,,1,,,,,,,,,,,,UK,Man
"advertising there games , competitions etc more and make it clear that girls can do the aport to , maybe even project to the smaller girls out there so they know its ok to do whatever aport u want",,,1,,,,,,,,,,,,,UK,Man
No idea,,,,,,,,,,,,,,,1,Germany,Man
Equal,,,,,,,,,,,,,,,1,UK,Man
Give more attention on women sports,,1,,,,,,,,,,,,,,UK,Man
Equal pay and prize money with men,1,,,,,,,,,,,,,,,UK,Woman
Greater involvement of individual clubs in women's careers,,1,,,,,,,,,,,,,,Poland,Woman
Equal money for everyone,1,,,,,,,,,,,,,,,Poland,Man
Sometimes men and women should be mixed (in certain sports),,,,,,,,,,1,,,,,,France,Man
more advertisements,,,1,,,,,,,,,,,,,UK,Woman
Golf,,,,,,,,,,,,,,,1,Germany,Woman
Equal prize money regardless of gender,1,,,1,,,,,,,,,,,,Germany,Man
equal pay for equal achievements.,1,,,,,,,,,,,,,,,Poland,Man
Creating clear fronts right from the start,,,,,,,,,,,,,,,1,Germany,Woman
Motivate more,,,,,,,,,,,,,,,1,Germany,Man
Not sure,,,,,,,,,,,,,,,1,UK,Woman
remuneration,1,,,,,,,,,,,,,,,Poland,Man
I'm gay,,,,,,,,,,,,,,,1,France,Man
Salary,1,,,,,,,,,,,,,,,France,Man
Special offer,,,,,,,,,,,,,,,1,Poland,Man
Mixedness,,,,,,,,,,1,,,,,,France,Man
Special rules,,,,,,,,,,,,,,,1,Germany,Man
Make it more entertaining so that it gets more viewership,,,1,,,,,,,,,,,,,UK,Man
More attention,,,1,,,,,,,,,,,,,Germany,Woman
make it fun for all genders and make everyone aware that it’s not a sport for only one gender i would express and show it as a multi gender sport,,,,1,,,,,,,,,,,,UK,Woman
Same salary,1,,,,,,,,,,,,,,,Poland,Woman
I don't know,,,,,,,,,,,,,,,1,Poland,Man
equal pay,1,,,,,,,,,,,,,,,Poland,Woman
more reporting,,,,,,,,,,,,,,,1,Germany,Man
Less scandals and corruption in sports.,,1,,,,,,,,,,,,,,Poland,Man
equally sport in the media,,,1,,,,,,,,,,,,,Poland,Man
More positive statements about women,,,1,,,,,,,,,,,,,Germany,Man
"Everything is governed by the market, supply and demand, more public-friendly, more open",,,,,,,,,,,,,,,1,Sweden,Man
Increase pay so that women are treated fairly financially and in terms of sport. Those who need a second or main job to finance their life also have less time for professional sport.,1,,,,,,,,,,,,,,,Germany,Woman
eliminating payments for sports results,1,,,,,,,,,,,,,,,Poland,Man
To be seen,,,,,,,,,,,,,,,1,UK,Woman
equal prize money,1,,,,,,,,,,,,,,,UK,Woman
Good,,,,,,,,,,,,,,,1,UK,Man
Sports brand advocate to include women,,1,,,1,,,,,,,,,,,UK,Woman
Because women are strong-willed,,,,,,,,,,,,,,,1,Germany,Woman
More women in power,,,,,1,,,,,,,,,,,Germany,Woman
Salary,1,,,,,,,,,,,,,,,Germany,Woman
Policies,,,,,,,,,,,,,,,1,UK,Woman
More television coverage,,1,,,,,,,,,,,,,,UK,Woman
Align media coverage,,,1,,,,,,,,,,,,,Germany,Man
No idea,,,,,,,,,,,,,,,1,Germany,Man
Increase wages,1,,,,,,,,,,,,,,,Sweden,Man
The same conditions for women's sports as for men,,,,1,,,1,,,,,,,,,Sweden,Man
Make more visible,,,1,,,,,,,,,,,,,Sweden,Woman
earnings,1,,,,,,,,,,,,,,,Poland,Man
Information,,,,,,,,,,,,,,,1,Sweden,Woman
More salary,1,,,,,,,,,,,,,,,Sweden,Woman
Let more women speak,,,,,1,,,,,,,,,,,Sweden,Woman
Salaries,1,,,,,,,,,,,,,,,France,Woman
Highlight them more,,,,,,,,,,,,,,,1,France,Woman
Equality,,,,1,,,,,,,,,,,,France,Woman
The advertisement,,,1,,,,,,,,,,,,,France,Man
Diversity of sports,,1,,,,,,,,,,,,,,France,Man
Sponsor money,1,,,,,,,,,,,,,,,Sweden,Woman
much more exposure in the media,,,1,,,,,,,,,,,,,France,Woman
Make sure they get the resources to do so,,,,,,,,,,,,,,,1,Sweden,Woman
Money leveled between women and men,1,,,,,,,,,,,,,,,France,Woman
You play with,,,,,,,,,,,,,,,1,France,Woman
The same guarding/-cheering- on ladies as on men,,,,,,,,,,,,,,,1,Sweden,Woman
Better pay for female professional athletes,1,,,,,,,,,,,,,,,Germany,Man
give the same to both genders,,,,1,,,,,,,,,,,,Spain,Man
THAT EVERYONE WILL CHARGE THE SAME,,,,,,,,,,,,,,,1,Spain,Man
More advertising,,,1,,,,,,,,,,,,,Spain,Man
Salary,1,,,,,,,,,,,,,,,Spain,Woman
Same salary,1,,,,,,,,,,,,,,,Sweden,Man
Aggressive publics,,,,,,,,,,,,,,,1,Spain,Man
Allow women to participate and give them visibility,,,1,,,,,,,,,,,,,Spain,Woman
The salary and the amount of the prizes,1,,,,,,,,,,,,,,,Spain,Woman
The Mallory,,,,,,,,,,,,,,,1,Spain,Woman
Same salaries,1,,,,,,,,,,,,,,,Spain,Woman
More promotion in the press of women's sports,,1,,,,,,,,,,,,,,Spain,Man
Better training facilities,,,,,,,,,1,,,,,,,Poland,Woman
Compensation,1,,,,,,,,,,,,,,,France,Woman
More visibility,,,1,,,,,,,,,,,,,Spain,Woman
Recognition equal to men of their rights,,,,1,,,,,,,,,,,,Spain,Man
It would naturalize the recognition of sexual orientation,,,,,,1,,,,,,,,,,Spain,Man
sasha,,,,,,,,,,,,,,,1,Germany,Man
Football,,1,,,,,,,,,,,,1,,Poland,Woman
Same rules as for men,,,,,,,,,,,,,,,1,Sweden,Man
Get paid the same,1,,,,,,,,,,,,,,,Sweden,Man
Promote and promote opportunities in youth,,,1,,,,,,,,,,,,,Germany,Man
Women and men in one team,,,,,,,,,,,,,,,1,Germany,Man
Nbdbsjaja udshb,,,,,,,,,,,,,,,1,Germany,Man
salary equalization,1,,,,,,,,,,,,,,,Poland,Man
Equal pay and bonus money.,1,,,,,,,,,,,,,,,Sweden,Man
Fair payment,1,,,,,,,,,,,,,,,Germany,Man
Equal money,1,,,,,,,,,,,,,,,Germany,Man
Let biological sex control who gets to compete.,,,,,1,,,,,,,,,,,Sweden,Man
tffgt ygtfft jhyws gygyg,,,,,,,,,,,,,,,1,Germany,Man
No prejudice. No misogyny,,,,,,1,,,,,,,,,,Germany,Woman
"Equal presentation in the media (same enthusiasm, media time, broadcast time, quality)",,,1,,,,,,,,,,,,,Sweden,Woman
Equal pay,1,,,,,,,,,,,,,,,France,Man
to make efforts for us men,,,,,,,,,,,,,,,1,France,Man
"I would like to see outstanding female athletes appear more often on the front page of newspapers, magazines or online websites",,1,,,,,,,,,,,,,,Germany,Woman
More media attention,,,1,,,,,,,,,,,,,Germany,Woman
Reduce prejudice and keep transgender people out of professional women's teams,,,,1,,,,,,,,1,,,,Sweden,Man
Mix girls and boys,,,,,,,,,,1,,,,,,Sweden,Woman
